locus_tag,ftype,length_bp,gene,EC_number,COG,product
NJKLBJNM_00051,CDS,843,yfdE,2.8.3.19,COG1804,Acetyl-CoA:oxalate CoA-transferase
NJKLBJNM_00100,CDS,1149,pucA,1.17.1.4,COG1975,putative xanthine dehydrogenase subunit A
NJKLBJNM_00101,CDS,1509,stp,,,Multidrug resistance protein Stp
NJKLBJNM_00120,CDS,1965,acyII,3.5.1.11,,Penicillin acylase 2 proenzyme
NJKLBJNM_00130,CDS,1665,choB,1.1.3.6,,Cholesterol oxidase
NJKLBJNM_00164,CDS,1608,rhlE,3.6.4.13,,ATP-dependent RNA helicase RhlE
NJKLBJNM_00338,CDS,378,pyrE_1,2.4.2.10,COG0461,Orotate phosphoribosyltransferase
NJKLBJNM_00344,CDS,366,ytrA,,COG1725,HTH-type transcriptional repressor YtrA
NJKLBJNM_00355,CDS,678,ung,3.2.2.27,COG0692,Uracil-DNA glycosylase
NJKLBJNM_00552,CDS,915,lnrL_1,3.6.3.-,COG1131,Linearmycin resistance ATP-binding protein LnrL
NJKLBJNM_00601,CDS,516,mtcA1,4.2.1.1,COG0288,Beta-carbonic anhydrase 1
NJKLBJNM_00606,CDS,963,RBKS_1,2.7.1.15,,Ribokinase
NJKLBJNM_00619,CDS,741,pcaR,,COG1414,Pca regulon regulatory protein
NJKLBJNM_00631,CDS,360,cmtR_1,,COG0640,HTH-type transcriptional regulator CmtR
NJKLBJNM_00632,CDS,1914,ctpG_1,3.6.3.-,COG2217,putative cation-transporting ATPase G
NJKLBJNM_00651,CDS,324,qacC,,,Quaternary ammonium compound-resistance protein QacC
NJKLBJNM_00713,CDS,741,bshB1,3.5.1.-,COG2120,N-acetyl-alpha-D-glucosaminyl L-malate deacetylase 1
NJKLBJNM_00722,CDS,507,sigE_2,,COG1595,RNA polymerase sigma-E factor
NJKLBJNM_00725,CDS,774,soj_1,3.6.-.-,COG1192,Sporulation initiation inhibitor protein Soj
NJKLBJNM_00740,CDS,267,whiB7,,,putative transcriptional regulator WhiB7
NJKLBJNM_00781,CDS,708,gph_1,3.1.3.18,,Phosphoglycolate phosphatase
NJKLBJNM_00789,CDS,882,arnC,2.4.2.53,,Undecaprenyl-phosphate 4-deoxy-4-formamido-L-arabinose transferase
NJKLBJNM_00790,CDS,1167,wbpI_2,5.1.3.23,COG0381,"UDP-2,3-diacetamido-2,3-dideoxy-D-glucuronate 2-epimerase"
NJKLBJNM_00791,CDS,1104,wbjC,1.1.1.367,-,"UDP-2-acetamido-2,6-beta-L-arabino-hexul-4-ose reductase"
NJKLBJNM_00792,CDS,1026,capD,5.1.3.2,COG1086,"UDP-glucose 4-epimerase"
NJKLBJNM_00794,CDS,1779,fcl,1.1.1.271,,"GDP-L-fucose synthase"
NJKLBJNM_00800,CDS,861,rmlA,2.7.7.24,COG1209,Glucose-1-phosphate thymidylyltransferase
NJKLBJNM_00802,CDS,1002,rmlB,4.2.1.46,COG1088,dTDP-glucose 4,6-dehydratase
NJKLBJNM_00815,CDS,1206,yagA_1,,,putative protein YagA
NJKLBJNM_00893,CDS,663,merB,4.99.1.2,,Alkylmercury lyase
NJKLBJNM_00894,CDS,1425,merA,1.16.1.1,,Mercuric reductase
NJKLBJNM_00895,CDS,390,merR1,,,Mercuric resistance operon regulatory protein
NJKLBJNM_00898,CDS,951,czcD_1,,COG1230,"Cadmium, cobalt and zinc/H(+)-K(+) antiporter"
NJKLBJNM_00899,CDS,1473,ribZ,,,Riboflavin transporter RibZ
NJKLBJNM_00902,CDS,240,mazE5,,,Antitoxin MazE5
NJKLBJNM_00903,CDS,261,mazF5,3.1.-.-,"COG2337,putative endoribonuclease MazF5"
NJKLBJNM_00954,CDS,756,aas_1,6.2.1.20,,Bifunctional protein Aas
NJKLBJNM_00959,CDS,1008,thiL,2.7.4.16,COG0611,Thiamine-monophosphate kinase
NJKLBJNM_01004,CDS,945,xerC_4,,COG0582,Tyrosine recombinase XerC
NJKLBJNM_01156,CDS,1566,hrdB,,COG0568,RNA polymerase principal sigma factor HrdB
NJKLBJNM_01226,CDS,159,sigA,,COG0568,RNA polymerase sigma factor SigA
NJKLBJNM_01349,CDS,876,suhB,3.1.3.25,COG0483,Inositol-1-monophosphatase SuhB
NJKLBJNM_01351,CDS,483,dut,3.6.1.23,,Deoxyuridine 5-triphosphate nucleotidohydrolase
NJKLBJNM_01352,CDS,738,,, ,hypothetical protein
NJKLBJNM_01353,CDS,369,,, ,hypothetical protein
NJKLBJNM_01354,CDS,714,,, ,hypothetical protein
NJKLBJNM_01355,CDS,684,trkA_1,,COG0569,Trk system potassium uptake protein TrkA
NJKLBJNM_01356,CDS,651,trkA_2,,COG0569,Trk system potassium uptake protein TrkA
NJKLBJNM_01357,CDS,1962,kimA,,COG0531,Potassium transporter KimA
NJKLBJNM_01358,CDS,1308,rlmD,2.1.1.190,COG2265,23S rRNA (uracil(1939)-C(5))-methyltransferase RlmD
NJKLBJNM_01359,CDS,2802,acnA,4.2.1.3,COG1048,Aconitate hydratase A
NJKLBJNM_01360,CDS,444,,, ,hypothetical protein
NJKLBJNM_01361,CDS,1863,dxs,2.2.1.7, ,1-deoxy-D-xylulose-5-phosphate synthase
NJKLBJNM_01362,CDS,1197,,, ,hypothetical protein
NJKLBJNM_01363,CDS,735,lptB_1,3.6.3.-,COG1137,Lipopolysaccharide export system ATP-binding protein LptB
NJKLBJNM_01364,CDS,729,livF_1,,COG0410,High-affinity branched-chain amino acid transport ATP-binding protein LivF
NJKLBJNM_01365,CDS,885,livH_1,,COG0559,High-affinity branched-chain amino acid transport system permease protein LivH
NJKLBJNM_01366,CDS,1092,,, ,hypothetical protein
NJKLBJNM_01367,CDS,936,menH_1,4.2.99.20, ,2-succinyl-6-hydroxy-2,4-cyclohexadiene-1-carboxylate synthase
NJKLBJNM_01368,CDS,1869,,, ,hypothetical protein
NJKLBJNM_01369,CDS,783,bdhA,1.1.1.30, ,D-beta-hydroxybutyrate dehydrogenase
NJKLBJNM_01370,CDS,1497,,, ,hypothetical protein
NJKLBJNM_01371,CDS,1542,murA,2.5.1.7,COG0766,UDP-N-acetylglucosamine 1-carboxyvinyltransferase
NJKLBJNM_01372,CDS,2073,fadJ_3,,COG1024,Fatty acid oxidation complex subunit alpha
NJKLBJNM_01373,CDS,1212,paaJ,2.3.1.174,COG0183,3-oxoadipyl-CoA/3-oxo-5,6-dehydrosuberyl-CoA thiolase
NJKLBJNM_01374,CDS,1233,rnd,3.1.13.5,COG0349,Ribonuclease D
NJKLBJNM_01375,CDS,639,,, ,hypothetical protein
NJKLBJNM_01376,CDS,1044,hemE,4.1.1.37,COG0407,Uroporphyrinogen decarboxylase
NJKLBJNM_01377,CDS,924,,, ,hypothetical protein
NJKLBJNM_01378,CDS,1416,hemY,1.3.3.4,COG1232,Protoporphyrinogen oxidase
NJKLBJNM_01379,CDS,720,,,COG3253,putative protein/MSMEI_2713
NJKLBJNM_01380,CDS,912,,, ,hypothetical protein
NJKLBJNM_01381,CDS,429,msrB,1.8.4.12,COG0229,Peptide methionine sulfoxide reductase MsrB
NJKLBJNM_01382,CDS,2436,,, ,hypothetical protein
NJKLBJNM_01383,CDS,1083,ligD_1,,COG1793,Multifunctional non-homologous end joining protein LigD
NJKLBJNM_01384,CDS,1023,ligC,6.5.1.1,COG1793,DNA ligase C1
NJKLBJNM_01385,CDS,1161,,, ,hypothetical protein
NJKLBJNM_01386,CDS,714,,, ,hypothetical protein
NJKLBJNM_01387,CDS,870,,2.7.4.-,COG2326,Polyphosphate:AMP/ADP phosphotransferase
NJKLBJNM_01388,CDS,1743,aidB,1.3.99.-,COG1960,Putative acyl-CoA dehydrogenase AidB
NJKLBJNM_01389,tRNA,74,,, ,tRNA-Gly(gcc)
NJKLBJNM_01390,tRNA,73,,, ,tRNA-Val(gac)
NJKLBJNM_01391,tRNA,74,,, ,tRNA-Gly(gcc)
NJKLBJNM_01392,tRNA,72,,, ,tRNA-Cys(gca)
NJKLBJNM_01393,tRNA,75,,, ,tRNA-Val(gac)
NJKLBJNM_01394,CDS,540,,, ,hypothetical protein
NJKLBJNM_01395,CDS,2382,,, ,hypothetical protein
NJKLBJNM_01396,CDS,1362,,, ,hypothetical protein
NJKLBJNM_01397,CDS,1392,papA2,2.3.1.-,COG1020,Trehalose-2-sulfate acyltransferase papA2
NJKLBJNM_01398,CDS,816,,, ,hypothetical protein
NJKLBJNM_01399,CDS,405,,, ,hypothetical protein
NJKLBJNM_01400,CDS,1023,menF,5.4.4.2,,Isochorismate synthase MenF
NJKLBJNM_01401,CDS,849,ilvE_2,2.6.1.42,COG0115,Branched-chain-amino-acid aminotransferase
NJKLBJNM_01402,CDS,564,,, ,hypothetical protein
NJKLBJNM_01403,tRNA,77,,, ,tRNA-Val(cac)
NJKLBJNM_01404,CDS,636,tag,3.2.2.20,COG2818,DNA-3-methyladenine glycosylase 1
NJKLBJNM_01405,CDS,273,,, ,hypothetical protein
NJKLBJNM_01406,CDS,588,ogt_2,2.1.1.63,COG0350,Methylated-DNA--protein-cysteine methyltransferase
NJKLBJNM_01407,CDS,501,shbA,,,ECF RNA polymerase sigma factor ShbA
NJKLBJNM_01408,CDS,1137,prmC_2,2.1.1.297,,Release factor glutamine methyltransferase
NJKLBJNM_01409,CDS,651,,, ,hypothetical protein
NJKLBJNM_01410,CDS,1119,nifS,2.8.1.7,COG1104,Cysteine desulfurase NifS
NJKLBJNM_01411,CDS,840,phzF,5.3.3.17,,Trans-2,3-dihydro-3-hydroxyanthranilate isomerase
NJKLBJNM_01412,CDS,234,,, ,hypothetical protein
NJKLBJNM_01413,CDS,1686,ybiT,,COG0488,putative ABC transporter ATP-binding protein YbiT
NJKLBJNM_01414,CDS,1944,,, ,hypothetical protein
NJKLBJNM_01415,CDS,1419,,, ,hypothetical protein
NJKLBJNM_01416,CDS,1353,dapE_3,3.5.1.18,,Succinyl-diaminopimelate desuccinylase
NJKLBJNM_01417,CDS,684,,, ,putative HTH-type transcriptional regulator
NJKLBJNM_01418,CDS,1290,fadI,2.3.1.16,COG0183,3-ketoacyl-CoA thiolase FadI
NJKLBJNM_01419,CDS,1338,hcaB_3,1.3.1.87,,3-phenylpropionate-dihydrodiol/cinnamic acid-dihydrodiol dehydrogenase
NJKLBJNM_01420,CDS,846,,, ,hypothetical protein
NJKLBJNM_01421,CDS,1389,bglA,3.2.1.21,,Beta-glucosidase A
NJKLBJNM_01422,CDS,1281,,, ,hypothetical protein
NJKLBJNM_01423,CDS,366,,, ,hypothetical protein
NJKLBJNM_01424,CDS,1227,nupX,,COG1972,Putative nucleoside permease NupX
NJKLBJNM_01425,CDS,723,,, ,hypothetical protein
NJKLBJNM_01426,CDS,1107,,, ,hypothetical protein
NJKLBJNM_01427,CDS,2049,thrS,6.1.1.3,COG0441,Threonine--tRNA ligase
NJKLBJNM_01428,CDS,465,,, ,hypothetical protein
NJKLBJNM_01429,CDS,708,,, ,hypothetical protein
NJKLBJNM_01430,CDS,561,,2.7.7.53,COG0537,AP-4-A phosphorylase
NJKLBJNM_01431,CDS,639,pgsA2_1,2.7.8.-,COG0558,Phosphatidylinositol phosphate synthase
NJKLBJNM_01432,CDS,948,,2.3.1.265,COG1560,Phosphatidylinositol mannoside acyltransferase
NJKLBJNM_01433,CDS,1212,pimA,2.4.1.345,COG0438,Phosphatidyl-myo-inositol mannosyltransferase
NJKLBJNM_01434,CDS,573,,, ,hypothetical protein
NJKLBJNM_01435,CDS,213,,, ,hypothetical protein
NJKLBJNM_01436,CDS,1335,ptsJ,,COG1167,Vitamin B6 salvage pathway transcriptional repressor PtsJ
NJKLBJNM_01437,CDS,900,pdxS,4.3.3.6,COG0214,Pyridoxal 5-phosphate synthase subunit PdxS
NJKLBJNM_01438,CDS,603,pdxT,4.3.3.6,COG0311,Pyridoxal 5-phosphate synthase subunit PdxT
NJKLBJNM_01439,CDS,762,, ,COG0217,putative transcriptional regulatory protein/MSMEI_2866
NJKLBJNM_01440,CDS,534,ruvC,3.1.22.4,COG0817,Crossover junction endodeoxyribonuclease RuvC
NJKLBJNM_01441,CDS,597,ruvA,3.6.4.12,COG0632,Holliday junction ATP-dependent DNA helicase RuvA
NJKLBJNM_01442,CDS,1125,ruvB,3.6.4.12,COG2255,Holliday junction ATP-dependent DNA helicase RuvB
NJKLBJNM_01443,CDS,303,yajC,,COG1862,Sec translocon accessory complex subunit YajC
NJKLBJNM_01444,CDS,1893,secD,,COG0342,Protein translocase subunit SecD
NJKLBJNM_01445,CDS,1248,secF,,COG0341,Protein translocase subunit SecF
NJKLBJNM_01446,CDS,549,apt,2.4.2.7,COG0503,Adenine phosphoribosyltransferase
NJKLBJNM_01447,CDS,2289,relA,,COG0317,Bifunctional (p)ppGpp synthase/hydrolase RelA
NJKLBJNM_01448,CDS,1392,,, ,putative protein
NJKLBJNM_01449,CDS,702,,3.-.-.-, ,putative protein
NJKLBJNM_01450,CDS,1377,hisS,6.1.1.21,COG0124,Histidine--tRNA ligase
NJKLBJNM_01451,CDS,636,,, ,hypothetical protein
NJKLBJNM_01452,CDS,636,,, ,hypothetical protein
NJKLBJNM_01453,CDS,912,xerD,,COG4974,Tyrosine recombinase XerD
NJKLBJNM_01454,CDS,888,, ,COG1192,putative protein
NJKLBJNM_01455,CDS,966,scpA,,Segregation and condensation protein A
NJKLBJNM_01456,CDS,654,scpB,,COG1386,Segregation and condensation protein B
NJKLBJNM_01457,CDS,912,,5.4.99.-,COG1187,putative RNA pseudouridine synthase
NJKLBJNM_01458,CDS,1125,,, ,hypothetical protein
NJKLBJNM_01459,CDS,699,cmk,2.7.4.25,COG0283,Cytidylate kinase
NJKLBJNM_01460,CDS,1479,der,,COG1160,GTPase Der
NJKLBJNM_01461,CDS,1614,moaA,,,GTP 3,8-cyclase
NJKLBJNM_01463,CDS,786,lgt_1,2.5.1.145,,Phosphatidylglycerol--prolipoprotein diacylglyceryl transferase
NJKLBJNM_01469,CDS,780,ppgK_1,2.7.1.63,COG1940,Polyphosphate glucokinase
NJKLBJNM_01470,CDS,627,eda,,COG0800,KHG/KDPG aldolase
NJKLBJNM_01471,CDS,1815,edd,4.2.1.12,COG0129,Phosphogluconate dehydratase
NJKLBJNM_01472,CDS,1458,zwf,1.1.1.49,COG0364,Glucose-6-phosphate 1-dehydrogenase
NJKLBJNM_01473,CDS,1182,mlc,,COG1940,Protein mlc
NJKLBJNM_01474,CDS,1695,malL_1,3.2.1.10,COG0366,Oligo-1,6-glucosidase
NJKLBJNM_01475,CDS,1014,cytR_1,,COG1609,HTH-type transcriptional repressor CytR
NJKLBJNM_01477,CDS,279,clpP2_1,3.4.21.92,COG0740,ATP-dependent Clp protease proteolytic subunit 2
NJKLBJNM_01478,CDS,630,clpP1_1,3.4.21.92,COG0740,ATP-dependent Clp protease proteolytic subunit 1
NJKLBJNM_01482,CDS,900,pxpC,3.5.2.9,COG1984,5-oxoprolinase subunit C
NJKLBJNM_01483,CDS,615,pxpB,3.5.2.9,COG2049,5-oxoprolinase subunit B
NJKLBJNM_01484,CDS,768,pxpA_1,3.5.2.9,,5-oxoprolinase subunit A
NJKLBJNM_01487,CDS,1281,nhaA,,COG3004,Na(+)/H(+) antiporter NhaA
NJKLBJNM_01488,CDS,960,proP,,,Proline/betaine transporter
NJKLBJNM_01490,CDS,555,yhbO,3.1.2.-,COG0693,Protein/nucleic acid deglycase 2
NJKLBJNM_01492,CDS,390,ectC,4.2.1.108,,L-ectoine synthase
NJKLBJNM_01493,CDS,1281,ectB,2.6.1.76,,Diaminobutyrate--2-oxoglutarate transaminase
NJKLBJNM_01494,CDS,516,ectA,2.3.1.178,,L-2,4-diaminobutyric acid acetyltransferase
NJKLBJNM_01496,CDS,606,pgsA2_2,2.7.8.41,COG0558,Putative cardiolipin synthase
NJKLBJNM_01500,CDS,390,gcvH,,COG0509,Glycine cleavage system H protein
NJKLBJNM_01505,CDS,2928,gcvP,1.4.4.2,COG0403,putative glycine dehydrogenase (decarboxylating)
NJKLBJNM_01507,CDS,1182,sbcD,,,Nuclease SbcCD subunit D
NJKLBJNM_01508,CDS,1482,gshA,6.3.2.2,,Glutamate--cysteine ligase
NJKLBJNM_01509,CDS,612,gpm2,3.1.3.2,COG0406,Acid phosphatase
NJKLBJNM_01511,CDS,1047,czcO_2,1.-.-.-,COG2072,putative oxidoreductase CzcO
NJKLBJNM_01513,CDS,621,yciO,,COG0009,putative protein YciO
NJKLBJNM_01514,CDS,1191,kbl,2.3.1.29,COG0156,2-amino-3-ketobutyrate coenzyme A ligase
NJKLBJNM_01515,CDS,1041,tdh,1.1.1.103,COG1063,L-threonine 3-dehydrogenase
NJKLBJNM_01518,CDS,1128,rlmC,2.1.1.189,COG2265,23S rRNA (uracil(747)-C(5))-methyltransferase RlmC
NJKLBJNM_01520,CDS,1629,fadD3,6.2.1.41,COG0318,3-[(3aS,4S,7aS)-7a-methyl-1,5-dioxo-octahydro-1H-inden-4-yl]propanoyl:CoA ligase
NJKLBJNM_01522,CDS,1203,yfmO,,,Multidrug efflux protein YfmO
NJKLBJNM_01524,CDS,2016,betT,,COG1292,High-affinity choline transport protein
NJKLBJNM_01525,CDS,1761,betA,1.1.99.1,,Oxygen-dependent choline dehydrogenase
NJKLBJNM_01526,CDS,1509,gbsA,1.2.1.8,COG1012,Betaine aldehyde dehydrogenase
NJKLBJNM_01529,CDS,738,cypM,2.1.1.301,,Cypemycin N-terminal methyltransferase
NJKLBJNM_01530,CDS,2364,uvrA_1,,,UvrABC system protein A
NJKLBJNM_01537,CDS,894,dapA_1,4.3.3.7,COG0329,4-hydroxy-tetrahydrodipicolinate synthase
NJKLBJNM_01538,CDS,912,catM,,,HTH-type transcriptional regulator CatM
NJKLBJNM_01539,CDS,921,dapA_2,4.3.3.7,,4-hydroxy-tetrahydrodipicolinate synthase
NJKLBJNM_01548,CDS,489,lrpC,,COG1522,HTH-type transcriptional regulator LrpC
NJKLBJNM_01550,CDS,909,panE,1.1.1.169,COG1893,2-dehydropantoate 2-reductase
NJKLBJNM_01551,CDS,447,arfB,3.1.1.29,COG1186,Peptidyl-tRNA hydrolase ArfB
NJKLBJNM_01552,CDS,1377,potE,,,Putrescine transporter PotE
NJKLBJNM_01558,CDS,357,rbpA_1,,,RNA polymerase-binding protein RbpA
NJKLBJNM_01561,CDS,1581,lnt,2.3.1.269,COG0815,Apolipoprotein N-acyltransferase
NJKLBJNM_01562,CDS,423,lrp,,COG1522,Leucine-responsive regulatory protein
NJKLBJNM_01564,CDS,2805,helY,3.6.4.-,COG4581,putative helicase HelY
NJKLBJNM_01565,CDS,906,dagK_2,2.7.1.107,COG1597,Diacylglycerol kinase
NJKLBJNM_01566,CDS,858,tatC,,COG0805,Sec-independent protein translocase protein TatC
NJKLBJNM_01567,CDS,270,tatA,,,Sec-independent protein translocase protein TatA
NJKLBJNM_01568,CDS,963,pafC,,COG2378,Protein PafC
NJKLBJNM_01569,CDS,990,pafB,,COG2378,Protein PafB
NJKLBJNM_01571,CDS,387,fkbP,5.2.1.8,,FK506-binding protein
NJKLBJNM_01573,CDS,1389,pafA,6.3.1.19,,Pup--protein ligase
NJKLBJNM_01574,CDS,684,prcA,3.4.25.1,COG0638,Proteasome subunit alpha
NJKLBJNM_01575,CDS,831,prcB,3.4.25.1,COG0638,Proteasome subunit beta
NJKLBJNM_01576,CDS,198,pup,,,Prokaryotic ubiquitin-like protein Pup
NJKLBJNM_01577,CDS,1497,dop,3.4.-.-,,Depupylase
NJKLBJNM_01578,CDS,546,speG,2.3.1.57,COG1670,Spermidine N(1)-acetyltransferase
NJKLBJNM_01579,CDS,936,nlhH,3.1.1.1,COG0657,Carboxylesterase NlhH
NJKLBJNM_01580,CDS,1005,aes_2,3.1.1.-,,Acetyl esterase
NJKLBJNM_01584,CDS,1659,mpa,,COG0464,Proteasome-associated ATPase
NJKLBJNM_01585,CDS,1017,trmI,2.1.1.220,COG2519,tRNA (adenine(58)-N(1))-methyltransferase TrmI
NJKLBJNM_01586,CDS,1107,rip3,,COG0517,Putative zinc metalloprotease Rip3
NJKLBJNM_01587,CDS,3723,metH,2.1.1.13,COG0646,Methionine synthase
NJKLBJNM_01591,CDS,1242,mshC,6.3.1.13,COG0215,L-cysteine:1D-myo-inositol 2-amino-2-deoxy-alpha-D-glucopyranoside ligase
NJKLBJNM_01594,CDS,717,pspA,3.1.3.3,COG0406,Phosphoserine phosphatase 1
NJKLBJNM_01595,CDS,1005,corA,,COG0598,Cobalt/magnesium transport protein CorA
NJKLBJNM_01598,CDS,1350,dapE_4,3.5.1.18,,putative succinyl-diaminopimelate desuccinylase
NJKLBJNM_01753,CDS,699,lnrK,,COG2197,Transcriptional regulatory protein LnrK
NJKLBJNM_01818,CDS,630,COQ3,2.1.1.222,,Ubiquinone biosynthesis O-methyltransferase, mitochondrial
NJKLBJNM_01856,CDS,969,aes_3,3.1.1.-,,Acetyl esterase
NJKLBJNM_01857,CDS,1203,dap_2,3.4.11.19,,D-aminopeptidase
NJKLBJNM_01884,CDS,798,btuD_10,7.6.2.8,,Vitamin B12 import ATP-binding protein BtuD
NJKLBJNM_01893,CDS,684,citT,,COG4565,Transcriptional regulatory protein CitT
NJKLBJNM_01894,CDS,1590,citS,2.7.13.3,COG3290,Sensor protein CitS
NJKLBJNM_01969,CDS,1044,ispB_2,2.5.1.90,COG0142,Octaprenyl diphosphate synthase
NJKLBJNM_01980,CDS,384,pxpA_2,3.5.2.9,,5-oxoprolinase subunit A
NJKLBJNM_01985,CDS,927,lnrL_2,3.6.3.-,COG1131,Linearmycin resistance ATP-binding protein LnrL
NJKLBJNM_01991,CDS,879,hcaB_5,1.3.1.87,,3-phenylpropionate-dihydrodiol/cinnamic acid-dihydrodiol dehydrogenase
NJKLBJNM_01996,CDS,303,clgR,,,Transcriptional regulator ClgR
NJKLBJNM_01997,CDS,495,cinA,,COG1058,Putative competence-damage inducible protein
NJKLBJNM_02025,CDS,1968,mrdA,3.4.16.4,COG0768,Peptidoglycan D,D-transpeptidase MrdA
NJKLBJNM_02053,CDS,675,clpP2_2,3.4.21.92,COG0740,ATP-dependent Clp protease proteolytic subunit 2
NJKLBJNM_02415,CDS,303,whiB3,,,Redox-responsive transcriptional regulator WhiB3
NJKLBJNM_02417,CDS,696,ygeA,5.1.1.10,COG1794,Broad specificity amino-acid racemase YgeA
NJKLBJNM_02418,CDS,1197,serA,1.1.1.95,COG0111,D-3-phosphoglycerate dehydrogenase
NJKLBJNM_02420,CDS,705,ytrE_1,,COG1136,ABC transporter ATP-binding protein YtrE
NJKLBJNM_02422,CDS,1602,groL1_2,,,60 kDa chaperonin 1
NJKLBJNM_02423,CDS,297,groS,,COG0234,10 kDa chaperonin
NJKLBJNM_02425,CDS,1272,nagZ_2,3.2.1.52,,Beta-hexosaminidase
NJKLBJNM_02427,CDS,1080,tsaD,2.3.1.234,COG0533,tRNA N6-adenosine threonylcarbamoyltransferase
NJKLBJNM_02428,CDS,480,rimI,2.3.1.255,COG0456,N-alpha-acetyltransferase RimI
NJKLBJNM_02429,CDS,786,tsaB,,COG1214,tRNA threonylcarbamoyladenosine biosynthesis protein TsaB
NJKLBJNM_02431,CDS,1179,rutD,3.5.1.-,,Putative aminoacrylate hydrolase RutD
NJKLBJNM_02432,CDS,1209,alr,5.1.1.1,COG0787,Alanine racemase
NJKLBJNM_02433,CDS,1044,gpr_3,1.1.1.-,COG0667,L-glyceraldehyde 3-phosphate reductase
NJKLBJNM_02435,CDS,549,psaB,1.97.1.12,,Photosystem I P700 chlorophyll a apoprotein A2
NJKLBJNM_02436,CDS,1470,nnr,,COG0062,Bifunctional NAD(P)H-hydrate repair enzyme Nnr
NJKLBJNM_02437,CDS,354,acpS_2,2.7.8.7,,Holo-[acyl-carrier-protein] synthase
NJKLBJNM_02438,CDS,1860,glmS,2.6.1.16,COG0449,Glutamine--fructose-6-phosphate aminotransferase [isomerizing]
NJKLBJNM_02439,CDS,966,coaA,2.7.1.33,COG1072,Pantothenate kinase
NJKLBJNM_02445,CDS,951,mca_1,3.5.1.115,COG2120,Mycothiol S-conjugate amidase
NJKLBJNM_02447,CDS,495,greA,,COG0782,Transcription elongation factor GreA
NJKLBJNM_02449,CDS,702,msrA,1.8.4.11,COG0225,Peptide methionine sulfoxide reductase MsrA
NJKLBJNM_02452,CDS,2013,fadH_2,1.3.1.34,COG0446,2,4-dienoyl-CoA reductase
NJKLBJNM_02456,CDS,1182,metB,2.5.1.48,COG0626,Cystathionine gamma-synthase
NJKLBJNM_02457,CDS,1383,cbs,4.2.1.22,COG0031,Putative cystathionine beta-synthase
NJKLBJNM_02461,CDS,1002,ppx2,3.6.1.11,COG0248,Exopolyphosphatase 2
NJKLBJNM_02463,CDS,537,ftsL,,,Cell division protein FtsL
NJKLBJNM_02464,CDS,1281,eno,4.2.1.11,COG0148,Enolase
NJKLBJNM_02468,CDS,3666,mfd,3.6.4.-,COG1197,Transcription-repair-coupling factor
NJKLBJNM_02472,CDS,591,pth,3.1.1.29,COG0193,Peptidyl-tRNA hydrolase
NJKLBJNM_02474,CDS,681,rplY,,COG1825,50S ribosomal protein L25
NJKLBJNM_02477,CDS,972,prs,2.7.6.1,COG0462,Ribose-phosphate pyrophosphokinase
NJKLBJNM_02478,CDS,1491,glmU,,COG1207,Bifunctional protein GlmU
NJKLBJNM_02480,CDS,564,nagR_2,,COG2188,HTH-type transcriptional repressor NagR
NJKLBJNM_02481,CDS,1260,nagE2,,COG1263,PTS system N-acetylglucosamine-specific EIIC component
NJKLBJNM_02482,CDS,1161,agaA,3.5.1.-,COG1820,N-acetylgalactosamine-6-phosphate deacetylase
NJKLBJNM_02483,CDS,981,pip,3.4.11.5,,Proline iminopeptidase
NJKLBJNM_02490,CDS,576,chrR,1.6.5.2,COG0431,Quinone reductase
NJKLBJNM_02492,CDS,648,fabR,,,HTH-type transcriptional repressor FabR
NJKLBJNM_02493,CDS,798,tam,2.1.1.144,COG4106,putative trans-aconitate 2-methyltransferase
NJKLBJNM_02495,CDS,1824,yheS_2,,COG0488,putative ABC transporter ATP-binding protein YheS
NJKLBJNM_02496,CDS,939,ispE,2.7.1.148,COG1947,4-diphosphocytidyl-2-C-methyl-D-erythritol kinase
NJKLBJNM_02497,CDS,894,ksgA,2.1.1.182,COG0030,Ribosomal RNA small subunit methyltransferase A
NJKLBJNM_02498,CDS,1230,rpf2,3.-.-.-,COG3583,Resuscitation-promoting factor Rpf2
NJKLBJNM_02499,CDS,885,dtd3,3.1.1.96,,D-aminoacyl-tRNA deacylase
NJKLBJNM_02500,CDS,1800,metG,6.1.1.10,COG0073,Methionine--tRNA ligase
NJKLBJNM_02506,CDS,750,frdB,1.3.5.1,COG0479,Fumarate reductase iron-sulfur subunit
NJKLBJNM_02507,CDS,1992,frdA,1.3.5.4,,Fumarate reductase flavoprotein subunit
NJKLBJNM_02509,CDS,690,speE,2.5.1.16,,Polyamine aminopropyltransferase
NJKLBJNM_02510,CDS,1332,hemL,5.4.3.8,COG0001,Glutamate-1-semialdehyde 2,1-aminomutase
NJKLBJNM_02512,CDS,924,hemB,4.2.1.24,COG0113,Delta-aminolevulinic acid dehydratase
NJKLBJNM_02513,CDS,1638,cysG,4.99.1.4,,Siroheme synthase
NJKLBJNM_02514,CDS,960,hemC,2.5.1.61,COG0181,Porphobilinogen deaminase
NJKLBJNM_02515,CDS,1275,hemA,1.2.1.70,COG0373,Glutamyl-tRNA reductase
NJKLBJNM_02516,CDS,684,rex,,COG2344,Redox-sensing transcriptional repressor Rex
NJKLBJNM_02522,CDS,1227,acuC,,,Acetoin utilization protein AcuC
NJKLBJNM_02523,CDS,660,ktrA,,COG0569,Ktr system potassium uptake protein A
NJKLBJNM_02526,CDS,789,proC,1.5.1.2,COG0345,Pyrroline-5-carboxylate reductase
NJKLBJNM_02527,CDS,945,fadM,1.5.5.2,COG0506,Proline dehydrogenase 1
NJKLBJNM_02528,CDS,921,yegS_2,2.7.1.-,,lipid kinase YegS
NJKLBJNM_02530,CDS,723,rbbA,,COG0842,Ribosome-associated ATPase
NJKLBJNM_02531,CDS,585,betI_3,,,HTH-type transcriptional regulator BetI
NJKLBJNM_02533,CDS,927,ppx1,3.6.1.11,COG0248,Exopolyphosphatase 1
NJKLBJNM_02536,CDS,1398,radA,3.6.4.-,COG1066,DNA repair protein RadA
NJKLBJNM_02537,CDS,1077,disA,2.7.7.85,COG1623,DNA integrity scanning protein DisA
NJKLBJNM_02539,CDS,894,mutY,3.2.2.31,COG1194,Adenine DNA glycosylase
NJKLBJNM_02540,CDS,498,argA,2.3.1.1,COG1246,Amino-acid acetyltransferase
NJKLBJNM_02547,CDS,2520,clpC1,,COG0542,ATP-dependent Clp protease ATP-binding subunit ClpC1
NJKLBJNM_02548,CDS,306,mhuD,1.14.99.57,COG2329,Heme oxygenase (mycobilin-producing)
NJKLBJNM_02552,CDS,825,nei1,3.2.2.-,COG0266,Endonuclease 8 1
NJKLBJNM_02553,CDS,975,ku,,,Non-homologous end joining protein Ku
NJKLBJNM_02555,CDS,1212,lhgD,1.1.5.-,COG0579,L-2-hydroxyglutarate dehydrogenase
NJKLBJNM_02556,CDS,1131,uctC,2.8.3.19,,Acetyl-CoA:oxalate CoA-transferase
NJKLBJNM_02557,CDS,1176,acdA_2,1.3.99.-,COG1960,Acyl-CoA dehydrogenase
NJKLBJNM_02560,CDS,660,cseB,,COG0745,Transcriptional regulatory protein CseB
NJKLBJNM_02563,CDS,936,ligD_3,,COG1793,Multifunctional non-homologous end joining protein LigD
NJKLBJNM_02564,CDS,888,ligD_4,,COG1793,Multifunctional non-homologous end joining protein LigD
NJKLBJNM_02566,CDS,927,araD,4.2.1.43,,L-2-keto-3-deoxyarabonate dehydratase
NJKLBJNM_02567,CDS,789,fabG_4,1.1.1.100,,3-oxoacyl-[acyl-carrier-protein] reductase FabG
NJKLBJNM_02570,CDS,330,lsr2,,,Nucleoid-associated protein Lsr2
NJKLBJNM_02572,CDS,1503,lysS1,6.1.1.6,COG1190,Lysine--tRNA ligase 1
NJKLBJNM_02574,CDS,624,skfE,7.3.2.3,COG1131,SkfA peptide export ATP-binding protein SkfE
NJKLBJNM_02575,CDS,885,nadC,2.4.2.19,COG0157,Nicotinate-nucleotide pyrophosphorylase [carboxylating]
NJKLBJNM_02576,CDS,1740,nadB,1.4.3.16,COG0029,L-aspartate oxidase
NJKLBJNM_02577,CDS,441,panD,4.1.1.11,COG0853,Aspartate 1-decarboxylase
NJKLBJNM_02578,CDS,885,panC,6.3.2.1,COG0414,Pantothenate synthetase
NJKLBJNM_02583,CDS,1182,nqo4,7.1.1.-,COG0649,NADH-quinone oxidoreductase subunit 4
NJKLBJNM_02588,CDS,855,sulD,,COG0801,Bifunctional folate synthesis protein
NJKLBJNM_02590,CDS,576,folE,3.5.4.16,COG0302,GTP cyclohydrolase 1
NJKLBJNM_02591,CDS,2145,ftsH,3.4.24.-,COG0465,ATP-dependent zinc metalloprotease FtsH
NJKLBJNM_02592,CDS,552,hpt,2.4.2.8,,Hypoxanthine-guanine phosphoribosyltransferase
NJKLBJNM_02593,CDS,1005,tilS,6.3.4.19,COG0037,tRNA(Ile)-lysidine synthase
NJKLBJNM_02596,CDS,633,ppa,3.6.1.1,,Inorganic pyrophosphatase
NJKLBJNM_02598,CDS,894,dhmA,3.8.1.5,,Haloalkane dehalogenase
NJKLBJNM_02604,CDS,1536,caeA,3.1.1.-,,Carboxylesterase A
NJKLBJNM_02606,CDS,618,tmk,2.7.4.9,,Thymidylate kinase
NJKLBJNM_02607,CDS,642,opuBB_1,,COG1174,Choline transport system permease protein OpuBB
NJKLBJNM_02608,CDS,1200,opuBA,,COG1125,Choline transport ATP-binding protein OpuBA
NJKLBJNM_02609,CDS,780,opuBB_2,,COG1174,Choline transport system permease protein OpuBB
NJKLBJNM_02610,CDS,1008,osmX_1,,COG1732,Osmoprotectant-binding protein OsmX
NJKLBJNM_02611,CDS,1341,dap_3,3.4.11.19,,D-aminopeptidase
NJKLBJNM_02614,CDS,2790,topA,5.6.2.1,COG0550,DNA topoisomerase 1
NJKLBJNM_02615,CDS,786,ygiD,1.13.11.29,COG3384,"4,5-DOPA dioxygenase extradiol"
NJKLBJNM_02617,CDS,1512,prmC_3,2.1.1.297,,Release factor glutamine methyltransferase
NJKLBJNM_02618,CDS,2337,hppA,7.1.3.1,COG3808,K(+)-insensitive pyrophosphate-energized proton pump
NJKLBJNM_02620,CDS,354,rsbV,,COG1366,Anti-sigma-B factor antagonist
NJKLBJNM_02633,CDS,1200,ypdA,2.7.13.3,COG3275,Sensor histidine kinase YpdA
NJKLBJNM_02634,CDS,765,lytR,,COG3279,Sensory transduction protein LytR
NJKLBJNM_02636,CDS,1515,actP,,COG4147,Cation/acetate symporter ActP
NJKLBJNM_02638,CDS,1611,mctC,,COG4147,Monocarboxylic acid transporter
NJKLBJNM_02639,CDS,1062,bioB,2.8.1.6,,Biotin synthase
NJKLBJNM_02640,CDS,621,bioN_2,,COG0619,Energy-coupling factor transporter transmembrane protein BioN
NJKLBJNM_02641,CDS,702,bioM_2,3.6.3.-,COG1122,Biotin transport ATP-binding protein BioM
NJKLBJNM_02642,CDS,603,bioY_2,,COG1268,Biotin transporter BioY
NJKLBJNM_02643,CDS,588,tetR,,,Tetracycline repressor protein class A from transposon 1721
NJKLBJNM_02644,CDS,918,pacX,1.14.16.7,,Phenylalanine 3-hydroxylase
NJKLBJNM_02645,CDS,1932,acsA,6.2.1.1,COG0365,Acetyl-coenzyme A synthetase
NJKLBJNM_02649,CDS,816,ugpQ,3.1.4.46,COG0584,"Glycerophosphodiester phosphodiesterase, cytoplasmic"
NJKLBJNM_02651,CDS,825,ephA,3.3.2.10,,Epoxide hydrolase A
NJKLBJNM_02652,CDS,684,nudL,3.6.1.-,,putative Nudix hydrolase NudL
NJKLBJNM_02653,CDS,669,pdg,,,Ultraviolet N-glycosylase/AP lyase
NJKLBJNM_02654,CDS,678,crp,,COG0664,CRP-like cAMP-activated global transcriptional regulator
NJKLBJNM_02655,CDS,810,gloB_1,3.1.2.6,,Hydroxyacylglutathione hydrolase
NJKLBJNM_02661,CDS,2619,mtgA,2.4.1.129,,Biosynthetic peptidoglycan transglycosylase
NJKLBJNM_02662,CDS,486,yqeY,,COG1610,putative protein YqeY
NJKLBJNM_02669,CDS,636,rspR,,COG1802,HTH-type transcriptional repressor RspR
NJKLBJNM_02672,CDS,1200,pfp,2.7.1.90,COG0205,Pyrophosphate--fructose 6-phosphate 1-phosphotransferase
NJKLBJNM_02674,CDS,1074,asd_2,1.2.1.11,COG0136,Aspartate-semialdehyde dehydrogenase
NJKLBJNM_02675,CDS,1275,ask,2.7.2.4,COG0527,Aspartokinase
NJKLBJNM_02679,CDS,600,recR,,COG0353,Recombination protein RecR
NJKLBJNM_02691,CDS,447,tadA,3.5.4.33,COG0590,tRNA-specific adenosine deaminase
NJKLBJNM_02692,CDS,639,upp,2.4.2.9,,Uracil phosphoribosyltransferase
NJKLBJNM_02697,CDS,1449,pntB,7.1.1.1,COG1282,NAD(P) transhydrogenase subunit beta
NJKLBJNM_02698,CDS,1542,pntA,7.1.1.1,COG3288,NAD(P) transhydrogenase subunit alpha
NJKLBJNM_02700,CDS,1668,ilvG,2.2.1.6,COG0028,Acetolactate synthase large subunit IlvG
NJKLBJNM_02701,CDS,1431,iscS_3,2.8.1.7,,Cysteine desulfurase IscS
NJKLBJNM_02702,CDS,1341,yagG,,COG2211,Putative glycoside/cation symporter YagG
NJKLBJNM_02703,CDS,1257,aspC,2.6.1.1,COG0436,putative aspartate aminotransferase
NJKLBJNM_02704,CDS,447,crcB_1,,,Putative fluoride ion transporter CrcB
NJKLBJNM_02705,CDS,357,crcB_2,,,Putative fluoride ion transporter CrcB
NJKLBJNM_02706,CDS,597,sodF1,1.15.1.1,COG0605,Superoxide dismutase [Fe-Zn] 1
NJKLBJNM_02709,CDS,3252,icmF_2,,COG1703,Fused isobutyryl-CoA mutase
NJKLBJNM_02710,CDS,366,yidH,,COG2149,Inner membrane protein YidH
NJKLBJNM_02712,CDS,759,btuF_2,,,Vitamin B12-binding protein
NJKLBJNM_02715,CDS,1266,caiA,1.3.8.13,,Crotonobetainyl-CoA reductase
NJKLBJNM_02716,CDS,1326,acrC,1.3.1.95,,Acryloyl-CoA reductase (NADH)
NJKLBJNM_02717,CDS,1839,pckG,4.1.1.32,COG1274,Phosphoenolpyruvate carboxykinase [GTP]
NJKLBJNM_02721,CDS,732,tcrX_2,,COG0745,putative transcriptional regulatory protein TcrX
NJKLBJNM_02722,CDS,1470,tcrY_2,2.7.13.3,,putative sensor histidine kinase TcrY
NJKLBJNM_02723,CDS,2067,arnT,2.4.2.43,,Undecaprenyl phosphate-alpha-4-amino-4-deoxy-L-arabinose arabinosyl transferase
NJKLBJNM_02727,CDS,1455,tagU_3,2.7.8.-,,Polyisoprenyl-teichoic acid--peptidoglycan teichoic acid transferase TagU
NJKLBJNM_02729,CDS,441,aroQ,4.2.1.10,COG0757,3-dehydroquinate dehydratase
NJKLBJNM_02732,CDS,600,cysE,2.3.1.30,COG1045,Serine acetyltransferase
NJKLBJNM_02733,CDS,927,cysK1,2.5.1.47,COG0031,O-acetylserine sulfhydrylase
NJKLBJNM_02735,CDS,942,osmX_2,,COG1732,Osmoprotectant-binding protein OsmX
NJKLBJNM_02736,CDS,729,opuCB,,COG1174,Glycine betaine/carnitine/choline transport system permease protein OpuCB
NJKLBJNM_02737,CDS,651,opuCD,,COG1174,Glycine betaine/carnitine/choline transport system permease protein OpuCD
NJKLBJNM_02738,CDS,1119,osmV,3.6.3.-,COG1125,Osmoprotectant import ATP-binding protein OsmV
NJKLBJNM_02739,CDS,1035,menB_3,4.1.3.36,,"1,4-dihydroxy-2-naphthoyl-CoA synthase"
NJKLBJNM_02740,CDS,1020,cytR_2,,COG1609,HTH-type transcriptional repressor CytR
NJKLBJNM_02741,CDS,1380,dasA,,COG1653,Diacetylchitobiose binding protein DasA
NJKLBJNM_02743,CDS,852,sugB_2,,COG0395,Trehalose transport system permease protein SugB
NJKLBJNM_02744,CDS,1095,msiK,7.5.2.-,COG3839,Diacetylchitobiose uptake system ATP-binding protein MsiK
NJKLBJNM_02746,CDS,579,sigW_2,,COG1595,ECF RNA polymerase sigma factor SigW
NJKLBJNM_02748,CDS,1482,amiC,3.5.1.4,COG0154,Putative amidase AmiC
NJKLBJNM_02749,CDS,576,dcd,3.5.4.30,COG0717,"dCTP deaminase, dUMP-forming"
NJKLBJNM_02751,CDS,567,sigM_2,,COG1595,ECF RNA polymerase sigma factor SigM
NJKLBJNM_02752,CDS,1206,yagA_2,,,putative protein YagA
NJKLBJNM_02760,CDS,1872,dmdC,1.3.8.-,COG1960,3-methylmercaptopropionyl-CoA dehydrogenase
NJKLBJNM_02768,CDS,990,bkdB,1.2.4.4,COG0022,3-methyl-2-oxobutanoate dehydrogenase subunit beta
NJKLBJNM_02769,CDS,1242,bkdA,1.2.4.4,COG1071,3-methyl-2-oxobutanoate dehydrogenase subunit alpha
NJKLBJNM_02770,CDS,1080,pat,2.6.1.-,COG0079,Putative phenylalanine aminotransferase
NJKLBJNM_02774,CDS,894,mltF_2,4.2.2.-,,Membrane-bound lytic murein transglycosylase F
NJKLBJNM_02776,CDS,807,tcyC_2,3.6.3.-,COG1126,L-cystine import ATP-binding protein TcyC
NJKLBJNM_02779,CDS,1272,entS_3,,COG0477,Enterobactin exporter EntS
NJKLBJNM_02780,CDS,1581,phoD_2,3.1.3.1,COG3540,Alkaline phosphatase D
NJKLBJNM_02781,CDS,1440,cydA,1.10.3.-,COG1271,Cytochrome bd ubiquinol oxidase subunit 1
NJKLBJNM_02782,CDS,1119,cydB,7.1.1.7,COG1294,Cytochrome bd-I ubiquinol oxidase subunit 2
NJKLBJNM_02783,CDS,1665,cydD,,COG4988,ATP-binding/permease protein CydD
NJKLBJNM_02785,CDS,429,blaI,,COG3682,Transcriptional regulator BlaI
NJKLBJNM_02795,CDS,2316,ydfJ,,COG2409,Membrane protein YdfJ
NJKLBJNM_02798,CDS,723,bioD,6.3.3.3,,ATP-dependent dethiobiotin synthetase BioD
NJKLBJNM_02799,CDS,498,ptpA,3.1.3.48,COG0394,putative low molecular weight protein-tyrosine-phosphatase
NJKLBJNM_02801,CDS,1410,purB,4.3.2.2,COG0015,Adenylosuccinate lyase
NJKLBJNM_02802,CDS,2112,apeX_2,,COG2409,Apo-petrobactin exporter
NJKLBJNM_02808,CDS,840,arsM,2.1.1.137,,Arsenite methyltransferase
NJKLBJNM_02809,CDS,1083,acr3_2,,COG0798,Arsenical-resistance protein Acr3
NJKLBJNM_02810,CDS,402,arsC1_3,2.8.4.2,COG0394,Arsenate-mycothiol transferase ArsC1
NJKLBJNM_02813,CDS,1656,pgm,5.4.2.2,COG0033,Phosphoglucomutase
NJKLBJNM_02816,CDS,1263,mftC,2.-.-.-,COG0535,Putative mycofactocin radical SAM maturase MftC
NJKLBJNM_02817,CDS,1251,mftD,1.-.-.-,COG1304,Putative mycofactocin system heme/flavin oxidoreductase MftD
NJKLBJNM_02818,CDS,714,mftE,3.5.-.-,COG1402,Putative mycofactocin system creatinine amidohydrolase family protein MftE
NJKLBJNM_02820,CDS,1386,mftF,2.-.-.-,COG0463,Putative mycofactocin biosynthesis glycosyltransferase MftF
NJKLBJNM_02821,CDS,1293,mno,1.1.99.37,,"Methanol:N,N-dimethyl-4-nitrosoaniline oxidoreductase"
NJKLBJNM_02825,CDS,669,devR,,COG2197,DNA-binding transcriptional activator DevR/DosR
NJKLBJNM_02827,CDS,1170,dhaT,1.1.1.202,COG1454,"1,3-propanediol dehydrogenase"
NJKLBJNM_02828,CDS,1524,adh,1.2.1.3,COG1012,Aldehyde dehydrogenase
NJKLBJNM_02830,CDS,1311,ilvA,4.3.1.19,COG1171,L-threonine dehydratase biosynthetic IlvA
NJKLBJNM_02831,CDS,282,ricR,,COG1937,Copper-sensing transcriptional repressor RicR
NJKLBJNM_02832,CDS,2217,copA_1,7.2.2.8,COG2217,Copper-exporting P-type ATPase
NJKLBJNM_02834,CDS,918,yxlF,3.6.3.-,COG1131,putative ABC transporter ATP-binding protein YxlF
NJKLBJNM_02835,CDS,699,liaR_2,,COG2197,Transcriptional regulatory protein LiaR
NJKLBJNM_02838,CDS,810,rlmB_2,2.1.1.185,,"23S rRNA (guanosine-2-O-)-methyltransferase RlmB"
NJKLBJNM_02839,CDS,684,,,"hypothetical protein"
NJKLBJNM_02840,CDS,1659,expZ,,COG0488,Nucleotide-binding protein ExpZ
NJKLBJNM_02841,CDS,810,,,"hypothetical protein"
NJKLBJNM_02842,CDS,792,,3.1.3.-,,Putative phosphatase
NJKLBJNM_02843,CDS,867,,,"hypothetical protein"
NJKLBJNM_02844,CDS,555,pyrE_2,2.4.2.10,COG0461,Orotate phosphoribosyltransferase
NJKLBJNM_02845,CDS,771,,,"hypothetical protein"
NJKLBJNM_02846,CDS,756,,,"hypothetical protein"
NJKLBJNM_02847,CDS,840,xthA,3.1.11.2,COG0708,Exodeoxyribonuclease III
NJKLBJNM_02848,CDS,897,menH_4,4.2.99.20,,2-succinyl-6-hydroxy-2,4-cyclohexadiene-1-carboxylate synthase
NJKLBJNM_02849,CDS,1770,mdtD_2,,,"Putative multidrug resistance protein MdtD"
NJKLBJNM_02850,CDS,693,,,"hypothetical protein"
NJKLBJNM_02851,CDS,1008,kmo,1.14.13.9,,Kynurenine 3-monooxygenase
NJKLBJNM_02852,CDS,2574,clpB,,COG0542,Chaperone protein ClpB
NJKLBJNM_02853,CDS,1500,tagU_4,2.7.8.-,,Polyisoprenyl-teichoic acid--peptidoglycan teichoic acid transferase TagU
NJKLBJNM_02854,CDS,267,,,"hypothetical protein"
NJKLBJNM_02855,CDS,462,,,"putative protein"
NJKLBJNM_02856,CDS,1203,, ,COG0520,putative protein
NJKLBJNM_02857,CDS,579,,,"hypothetical protein"
NJKLBJNM_02858,CDS,903,,,"hypothetical protein"
NJKLBJNM_02859,CDS,456,hspR,,COG0789,Putative heat shock protein HspR
NJKLBJNM_02860,CDS,1023,dnaJ,,COG0484,Chaperone protein DnaJ
NJKLBJNM_02861,CDS,669,grpE,, ,Protein GrpE
NJKLBJNM_02862,CDS,1887,dnaK,,COG0443,Chaperone protein DnaK
NJKLBJNM_02863,CDS,363,,,"hypothetical protein"
NJKLBJNM_02864,CDS,582,,,"hypothetical protein"
NJKLBJNM_02865,CDS,708,,,"hypothetical protein"
NJKLBJNM_02866,CDS,351,,,"hypothetical protein"
NJKLBJNM_02867,CDS,210,,,"hypothetical protein"
NJKLBJNM_02868,CDS,987,,,"hypothetical protein"
NJKLBJNM_02869,CDS,2250,copA_2,7.2.2.8,COG2217,Copper-exporting P-type ATPase
NJKLBJNM_02870,CDS,591,mug,3.2.2.28,COG3663,G/U mismatch-specific DNA glycosylase
NJKLBJNM_02871,CDS,468,,,"hypothetical protein"
NJKLBJNM_02872,CDS,534,,,"hypothetical protein"
NJKLBJNM_02873,CDS,546,,,"hypothetical protein"
NJKLBJNM_02874,CDS,747,narX,,COG2180,Nitrate reductase-like protein NarX
NJKLBJNM_02875,CDS,750,,,"hypothetical protein"
NJKLBJNM_02876,CDS,1680,narY,1.7.5.1,COG1140,Respiratory nitrate reductase 2 beta chain
NJKLBJNM_02877,CDS,3717,narG,1.7.5.1,COG5013,Nitrate reductase alpha subunit
NJKLBJNM_02878,CDS,1248,narK2,,COG2223,putative nitrate/nitrite transporter NarK2
NJKLBJNM_02879,CDS,810,fabG_5,1.1.1.100,,3-oxoacyl-[acyl-carrier-protein] reductase FabG
NJKLBJNM_02880,CDS,549,,,"hypothetical protein"
NJKLBJNM_02881,CDS,546,,2.3.1.-,COG1670,Acetyltransferase
NJKLBJNM_02882,CDS,2673,,,"hypothetical protein"
NJKLBJNM_02883,CDS,360,,,"hypothetical protein"
NJKLBJNM_02884,CDS,444,,,"hypothetical protein"
NJKLBJNM_02885,CDS,891,nadK,2.7.1.23,,NAD kinase
NJKLBJNM_02886,CDS,1041,,,"hypothetical protein"
NJKLBJNM_02887,CDS,705,,,"hypothetical protein"
NJKLBJNM_02888,CDS,504,,,"hypothetical protein"
NJKLBJNM_02889,CDS,723,,,"hypothetical protein"
NJKLBJNM_02890,CDS,1206,tetA,, ,Tetracycline resistance protein, class B
NJKLBJNM_02891,CDS,705,,,"hypothetical protein"
NJKLBJNM_02892,CDS,588,,,"hypothetical protein"
NJKLBJNM_02893,CDS,768,,,"hypothetical protein"
NJKLBJNM_02894,CDS,507,,,"hypothetical protein"
NJKLBJNM_02895,CDS,765,,,"hypothetical protein"
NJKLBJNM_02896,CDS,408,,,"hypothetical protein"
NJKLBJNM_02897,CDS,1689,,,"hypothetical protein"
NJKLBJNM_02898,CDS,756,,,"hypothetical protein"
NJKLBJNM_02899,CDS,504,,,"hypothetical protein"
NJKLBJNM_02900,CDS,768,,,"hypothetical protein"
NJKLBJNM_02901,CDS,798,,,"hypothetical protein"
NJKLBJNM_02902,CDS,1629,,,"hypothetical protein"
NJKLBJNM_02903,CDS,876,,,"hypothetical protein"
NJKLBJNM_02904,CDS,918,,,"hypothetical protein"
NJKLBJNM_02905,CDS,219,,,"hypothetical protein"
NJKLBJNM_02906,CDS,468,,,"hypothetical protein"
NJKLBJNM_02907,CDS,438,,,"hypothetical protein"
NJKLBJNM_02908,CDS,495,,,"hypothetical protein"
NJKLBJNM_02909,CDS,3201,,,"hypothetical protein"
NJKLBJNM_02910,CDS,927,,,"hypothetical protein"
NJKLBJNM_02911,CDS,564,,,"hypothetical protein"
NJKLBJNM_02912,CDS,2223,btuD_12,7.6.2.8,,Vitamin B12 import ATP-binding protein BtuD
NJKLBJNM_02913,CDS,645,ykoE,,COG4721,Putative HMP/thiamine permease protein YkoE
NJKLBJNM_02914,CDS,297,,,"hypothetical protein"
NJKLBJNM_02915,CDS,978,ppsC,2.3.1.41,,Phthiocerol synthesis polyketide synthase type I PpsC
NJKLBJNM_02916,CDS,690,ytrE_2,,COG1136,ABC transporter ATP-binding protein YtrE
NJKLBJNM_02917,CDS,840,lolD,3.6.3.-,COG1136,Lipoprotein-releasing system ATP-binding protein LolD
NJKLBJNM_02918,CDS,3045,,,"hypothetical protein"
NJKLBJNM_02919,CDS,1665,,1.3.99.-,COG3573,KsdD-like steroid dehydrogenase
NJKLBJNM_02920,CDS,1524,,,"hypothetical protein"
NJKLBJNM_02921,CDS,1455,gap2,1.2.1.-,,Glyceraldehyde-3-phosphate dehydrogenase-like protein
NJKLBJNM_02922,CDS,894,,,"hypothetical protein"
NJKLBJNM_02923,CDS,1236,,,"hypothetical protein"
NJKLBJNM_02924,CDS,243,,,"hypothetical protein"
NJKLBJNM_02925,CDS,1314,,1.3.1.-,COG3268,Putative trans-acting enoyl reductase
NJKLBJNM_02926,CDS,1095,mshD_3,2.3.1.189,,Mycothiol acetyltransferase
NJKLBJNM_02927,CDS,810,caiD,4.2.1.149,,Carnitinyl-CoA dehydratase
NJKLBJNM_02928,CDS,810,,,"hypothetical protein"
NJKLBJNM_02929,CDS,477,,,"hypothetical protein"
NJKLBJNM_02930,CDS,2523,,,"hypothetical protein"
NJKLBJNM_02931,CDS,1158,ydhP,,COG2814,Inner membrane transport protein YdhP
NJKLBJNM_02932,CDS,549,,,"hypothetical protein"
NJKLBJNM_02933,CDS,2718,ppdK,2.7.9.1,COG0574,Pyruvate, phosphate dikinase
NJKLBJNM_02934,CDS,225,,,"hypothetical protein"
NJKLBJNM_02935,CDS,903,gltC_3,, ,HTH-type transcriptional regulator GltC
NJKLBJNM_02936,CDS,582,,,"hypothetical protein"
NJKLBJNM_02937,CDS,411,,,"hypothetical protein"
NJKLBJNM_02938,CDS,2103,,,"hypothetical protein"
NJKLBJNM_02939,CDS,537,,,"hypothetical protein"
NJKLBJNM_02940,CDS,3384,,,"hypothetical protein"
NJKLBJNM_02941,CDS,1194,fic,2.7.7.-,COG3177,Protein adenylyltransferase SoFic
NJKLBJNM_02942,CDS,189,,,"hypothetical protein"
NJKLBJNM_02943,CDS,906,mrr,,COG1715,Mrr restriction system protein
NJKLBJNM_02944,CDS,744,,,"hypothetical protein"
NJKLBJNM_02945,CDS,2109,nadE_2,6.3.5.1,COG0171,Glutamine-dependent NAD(+) synthetase
NJKLBJNM_02946,CDS,309,,,"hypothetical protein"
NJKLBJNM_02947,CDS,1467,, ,COG0369,Bifunctional cytochrome P450/NADPH--P450 reductase
NJKLBJNM_02948,CDS,1296,,,"hypothetical protein"
NJKLBJNM_02949,CDS,1566,lcfB_7,6.2.1.3,COG0318,Long-chain-fatty-acid--CoA ligase
NJKLBJNM_02950,CDS,1353,davT_1,2.6.1.48,COG0160,5-aminovalerate aminotransferase DavT
NJKLBJNM_02951,CDS,831,dkgB,1.1.1.274,,2,5-diketo-D-gluconic acid reductase B
NJKLBJNM_02952,CDS,993,,,"hypothetical protein"
NJKLBJNM_02953,CDS,852,sadH,1.-.-.-,,Putative oxidoreductase SadH
NJKLBJNM_02954,CDS,1656,,1.14.13.-,COG2072,Baeyer-Villiger monooxygenase
NJKLBJNM_02955,CDS,822,rclA,,COG1249,putative pyridine nucleotide-disulfide oxidoreductase RclA
NJKLBJNM_02956,CDS,657,,,"hypothetical protein"
NJKLBJNM_02957,CDS,261,,,"hypothetical protein"
NJKLBJNM_02958,CDS,462,,,"hypothetical protein"
NJKLBJNM_02959,CDS,2601,,,"hypothetical protein"
NJKLBJNM_02960,CDS,831,, ,COG0596,putative protein
NJKLBJNM_02961,CDS,429,,,"hypothetical protein"
NJKLBJNM_02962,CDS,1680,ahpF,1.8.1.-,COG3634,Alkyl hydroperoxide reductase subunit F
NJKLBJNM_02963,CDS,567,ahpC,1.11.1.15,COG0450,Alkyl hydroperoxide reductase C
NJKLBJNM_02964,CDS,1164,,3.4.21.-,,Serine protease 1
NJKLBJNM_02965,CDS,429,,,"hypothetical protein"
NJKLBJNM_02966,CDS,630,dinG_2,3.1.-.-,,3-5 exonuclease DinG
NJKLBJNM_02967,CDS,1878,IMPDH_2,1.1.1.205,,Inosine-5-monophosphate dehydrogenase
NJKLBJNM_02968,CDS,1503,nfdA,3.5.1.91,,N-substituted formamide deformylase
NJKLBJNM_02969,CDS,561,mtnN,3.2.2.9,,"5-methylthioadenosine/S-adenosylhomocysteine nucleosidase"
NJKLBJNM_02970,CDS,417,,,"hypothetical protein"
NJKLBJNM_02971,CDS,1401,fumC,4.2.1.2,COG0114,Fumarate hydratase class II
NJKLBJNM_02972,CDS,231,,,"hypothetical protein"
NJKLBJNM_02973,CDS,576,fas6,3.2.2.-,,Cytokinin riboside 5-monophosphate phosphoribohydrolase
NJKLBJNM_02974,CDS,1344,lgoT,,,putative L-galactonate transporter
NJKLBJNM_02975,CDS,600,betI_4,,,HTH-type transcriptional regulator BetI
NJKLBJNM_02977,CDS,756,fatE,7.2.2.-,COG4604,Petrobactin import ATP-binding protein FatE
NJKLBJNM_02978,CDS,1095,fatC,,COG4605,Petrobactin import system permease protein FatC
NJKLBJNM_02979,CDS,906,fatD,,COG4606,Petrobactin import system permease protein FatD
NJKLBJNM_02980,CDS,975,yclQ,,COG4607,Petrobactin-binding protein YclQ
NJKLBJNM_02982,CDS,855,mca_2,3.5.1.115,COG2120,Mycothiol S-conjugate amidase
NJKLBJNM_02984,CDS,525,bfrB,1.16.3.1,COG1528,Ferritin BfrB
NJKLBJNM_02985,CDS,654,hxpA,3.1.3.22,COG0637,Hexitol phosphatase A
NJKLBJNM_02987,CDS,573,napA,1.9.6.1,,Periplasmic nitrate reductase
NJKLBJNM_02988,CDS,2691,fdnG-3,1.17.2.3,COG0243,Formate dehydrogenase 2 subunit alpha (cytochrome c-553)
NJKLBJNM_02989,CDS,1137,rsxB,7.-.-.-,,Ion-translocating oxidoreductase complex subunit B
NJKLBJNM_02993,CDS,1002,selD,2.7.9.3,COG0709,"Selenide, water dikinase"
NJKLBJNM_02994,CDS,348,mazF9,3.1.-.-,COG2337,Endoribonuclease MazF9
NJKLBJNM_02995,CDS,231,mazE9,,,Antitoxin MazE9
NJKLBJNM_02997,CDS,1353,selA,2.9.1.1,,L-seryl-tRNA(Sec) selenium transferase
NJKLBJNM_02998,CDS,1863,tuf_2,,,Elongation factor Tu
NJKLBJNM_03002,CDS,891,ppk2B,2.7.4.1,COG2326,Polyphosphate kinase PPK2B
NJKLBJNM_03004,CDS,1461,selO,2.7.7.-,COG0397,Protein adenylyltransferase SelO
NJKLBJNM_03005,CDS,510,ybaK,4.2.-.-,COG2606,Cys-tRNA(Pro)/Cys-tRNA(Cys) deacylase YbaK
NJKLBJNM_03007,CDS,417,rhaS,,,HTH-type transcriptional activator RhaS
NJKLBJNM_03009,CDS,1485,sad_2,1.2.1.16,,Succinate-semialdehyde dehydrogenase
NJKLBJNM_03010,CDS,1242,davT_2,2.6.1.48,COG0160,5-aminovalerate aminotransferase DavT
NJKLBJNM_03012,CDS,624,mhqD,3.1.-.-,COG0400,Putative hydrolase MhqD
NJKLBJNM_03013,CDS,1371,aam,3.5.1.13,COG0154,Acylamidase
NJKLBJNM_03014,CDS,990,ghrA_2,1.1.1.81,,Glyoxylate/hydroxypyruvate reductase A
NJKLBJNM_03015,CDS,747,maiA_1,5.2.1.1,COG3473,Maleate isomerase
NJKLBJNM_03016,CDS,765,maiA_2,5.2.1.1,,Maleate isomerase
NJKLBJNM_03017,CDS,678,lutR_2,,COG2186,HTH-type transcriptional regulator LutR
NJKLBJNM_03018,CDS,1206,gdhA,1.4.1.3,COG0334,Glutamate dehydrogenase
NJKLBJNM_03019,CDS,942,benM,,,HTH-type transcriptional regulator BenM
NJKLBJNM_03025,CDS,1008,thadh,4.3.1.16,,L-threo-3-hydroxyaspartate ammonia-lyase
NJKLBJNM_03026,CDS,3405,recC,3.1.11.5,COG1330,RecBCD enzyme subunit RecC
NJKLBJNM_03027,CDS,3462,recB,3.1.11.5,COG1074,RecBCD enzyme subunit RecB
NJKLBJNM_03028,CDS,1887,recD,3.1.11.5,COG0507,RecBCD enzyme subunit RecD
NJKLBJNM_03040,CDS,1257,glsA,3.5.1.2,,Glutaminase
NJKLBJNM_03046,CDS,1038,adhC2,1.1.1.2,COG1064,NADP-dependent alcohol dehydrogenase C 2
NJKLBJNM_03047,CDS,1374,gloB_2,3.1.2.6,,Hydroxyacylglutathione hydrolase
NJKLBJNM_03048,CDS,588,ygaP,,COG0607,Inner membrane protein YgaP
NJKLBJNM_03055,CDS,1371,gloB_3,3.1.2.6,,Hydroxyacylglutathione hydrolase
NJKLBJNM_03062,CDS,672,ywaC,2.7.6.5,COG2357,GTP pyrophosphokinase YwaC
NJKLBJNM_03069,CDS,672,COQ5_4,2.1.1.163,,"2-methoxy-6-polyprenyl-1,4-benzoquinol methylase, mitochondrial"
NJKLBJNM_03076,CDS,1551,qacA,,COG0477,Antiseptic resistance protein
NJKLBJNM_03077,CDS,627,rcdA,,COG3226,HTH-type transcriptional regulator RcdA
NJKLBJNM_03084,CDS,885,morA,1.1.1.218,,Morphine 6-dehydrogenase
NJKLBJNM_03085,CDS,339,dksA_2,,,RNA polymerase-binding transcription factor DksA
NJKLBJNM_03090,CDS,2175,copB,7.2.2.8,,Copper-exporting P-type ATPase B
NJKLBJNM_03097,CDS,936,czcD_2,,COG1230,"Cadmium, cobalt and zinc/H(+)-K(+) antiporter"
NJKLBJNM_03100,CDS,1965,ctpG_2,3.6.3.-,COG2217,putative cation-transporting ATPase G
NJKLBJNM_03103,CDS,597,resA_2,,,Thiol-disulfide oxidoreductase ResA
NJKLBJNM_03104,CDS,759,dsbD_2,1.8.1.8,COG4232,Thiol:disulfide interchange protein DsbD
NJKLBJNM_03106,CDS,360,cmtR_2,,COG0640,HTH-type transcriptional regulator CmtR
NJKLBJNM_03107,CDS,1392,dnaB,3.6.4.12,COG0305,Replicative DNA helicase
NJKLBJNM_03109,CDS,1476,hsrA_2,,,putative transport protein HsrA
NJKLBJNM_03110,CDS,1218,ynfM,,,Inner membrane transport protein YnfM
NJKLBJNM_03113,CDS,489,btuE,1.11.1.15,COG0386,Thioredoxin/glutathione peroxidase BtuE
NJKLBJNM_03121,CDS,786,tipA,,,HTH-type transcriptional activator TipA
NJKLBJNM_03123,CDS,1521,cotA,,COG2132,Spore coat protein A
NJKLBJNM_03125,CDS,771,ucpA,1.-.-.-,,Oxidoreductase UcpA
NJKLBJNM_03126,CDS,1026,iolG_2,1.1.1.18,COG0673,Myo-inositol 2-dehydrogenase
NJKLBJNM_03127,CDS,1224,thcD_2,1.18.1.-,,Rhodocoxin reductase
NJKLBJNM_03130,CDS,1497,bauC,1.2.1.-,COG1012,Putative 3-oxopropanoate dehydrogenase
NJKLBJNM_03131,CDS,1059,iolG_3,1.1.1.18,COG0673,Inositol 2-dehydrogenase/D-chiro-inositol 3-dehydrogenase
NJKLBJNM_03132,CDS,885,frcA,7.5.2.-,COG1129,Fructose import ATP-binding protein FrcA
NJKLBJNM_03135,CDS,2172,iolD,3.7.1.22,COG3962,"3D-(3,5/4)-trihydroxycyclohexane-1,2-dione hydrolase"
NJKLBJNM_03136,CDS,936,iolB,5.3.1.30,COG3718,5-deoxy-glucuronate isomerase
NJKLBJNM_03138,CDS,966,iolC,2.7.1.92,COG0524,5-dehydro-2-deoxygluconokinase
NJKLBJNM_03139,CDS,978,iolE,4.2.1.44,,Inosose dehydratase
NJKLBJNM_03140,CDS,1023,iolG_4,1.1.1.18,COG0673,Myo-inositol 2-dehydrogenase
NJKLBJNM_03141,CDS,741,nagR_3,,COG2188,HTH-type transcriptional repressor NagR
NJKLBJNM_03149,CDS,1344,dinF,,COG0534,DNA damage-inducible protein F
NJKLBJNM_03152,CDS,591,ompA,,,Outer membrane protein A
NJKLBJNM_03154,CDS,447,rplI,,COG0359,50S ribosomal protein L9
NJKLBJNM_03155,CDS,237,rpsR2,,COG0238,30S ribosomal protein S18 2
NJKLBJNM_03156,CDS,615,ssb,,COG0629,Single-stranded DNA-binding protein
NJKLBJNM_03157,CDS,288,rpsF,,COG0360,30S ribosomal protein S6
NJKLBJNM_03159,CDS,2358,ponA1,,COG0744,Penicillin-binding protein 1A
NJKLBJNM_03161,CDS,1095,ino1,5.5.1.4,COG1260,Inositol-3-phosphate synthase
NJKLBJNM_03162,CDS,1203,pksS,1.14.-.-,COG2124,Polyketide biosynthesis cytochrome P450 PksS
NJKLBJNM_03173,CDS,1716,pknD_3,2.7.11.1,,Serine/threonine-protein kinase PknD
NJKLBJNM_03175,CDS,840,prpC,3.1.3.16,COG0631,Protein phosphatase PrpC
NJKLBJNM_03181,CDS,483,mutT4,3.6.1.-,COG0494,Putative mutator protein MutT4
NJKLBJNM_03183,CDS,1677,mviN_2,,COG0728,putative peptidoglycan biosynthesis protein MviN
NJKLBJNM_03187,CDS,1020,trxB,1.8.1.9,COG0492,Thioredoxin reductase
NJKLBJNM_03188,CDS,324,trxA,,,Thioredoxin 1
NJKLBJNM_03189,CDS,1164,noc,,,Nucleoid occlusion protein
NJKLBJNM_03190,CDS,792,soj_2,3.6.-.-,COG1192,Sporulation initiation inhibitor protein Soj
NJKLBJNM_03191,CDS,645,rsmG,2.1.1.-,COG0357,Ribosomal RNA small subunit methyltransferase G
NJKLBJNM_03193,CDS,1041,yidC,,COG0706,Membrane protein insertase YidC
NJKLBJNM_03194,CDS,333,yidD,,,Putative membrane protein insertion efficiency factor
NJKLBJNM_03195,CDS,375,rnpA,3.1.26.5,COG0594,Ribonuclease P protein component
NJKLBJNM_03196,CDS,138,rpmH,,COG0230,50S ribosomal protein L34
